{
    "PSNR_cond": 36.94783926010132,
    "SSIM_cond": 0.9966005086898804,
    "LPIPS_cond": 0.0038457796908915043,
    "PSNR_novel": 16.953797015276823,
    "SSIM_novel": 0.8322733315554532,
    "LPIPS_novel": 0.16532902148636905
}